id,first_name,age,salary,purchased
1,Mart,55,83681,true
2,Garwood,47,97273,false
3,Rubin,49,52047,false
4,Demetris,40,20700,true
5,Druci,41,61382,false
6,Philippine,46,72055,false
7,Teri,51,99518,false
8,Anette,57,73640,true
9,Xerxes,45,48426,false
10,Hercule,47,81910,true
11,Coletta,40,49313,true
12,Valentino,41,87077,true
13,Timmy,45,21275,false
14,Renie,40,41995,true
15,Berta,51,31952,false
16,Andros,56,86641,false
17,Starlin,60,76076,true
18,Huey,50,22388,true
19,Nadine,41,40275,true
20,Basilio,57,67405,false
21,Florette,49,73533,false
22,Tommie,49,23795,true
23,Giacopo,58,22946,false
24,Everett,49,52651,false
25,Meir,50,99798,false
26,Karie,50,51512,false
27,Nichole,55,30548,false
28,Elana,57,18625,false
29,Thorpe,50,75344,false
30,Babbette,48,23953,true
31,Roxanna,59,59456,false
32,Felisha,41,78109,false
33,Rossy,56,34953,true
34,Cecilio,46,25775,true
35,Fredric,54,80314,true
36,Cyndi,53,50389,true
37,Wilt,53,27637,true
38,Dunc,40,68689,true
39,Quill,42,85140,false
40,Verney,45,80853,false
41,Jane,48,72274,true
42,Phylis,53,47392,false
43,Kiley,55,90821,true
44,Tonia,47,93389,false
45,Winnie,54,27048,false
46,Cordelia,56,36815,false
47,Brandie,60,31568,true
48,Kelsy,52,41827,true
49,Muriel,54,98706,false
50,Leanora,54,76054,true
51,Roseann,45,66401,true
52,Harry,48,24451,false
53,Franky,49,70822,false
54,Boyd,46,24752,true
55,Gratiana,41,76124,false
56,Silvie,41,79230,true
57,Nathanil,40,61154,true
58,Sarajane,42,30800,true
59,Jackie,46,26330,false
60,Suzette,40,56884,false
61,Vanny,50,24786,true
62,Jobey,56,95594,true
63,Katinka,45,49619,true
64,Xerxes,46,71004,false
65,Marty,44,42142,false
66,Chaunce,54,57415,true
67,Fabian,59,71654,false
68,Pavlov,57,73381,false
69,Deirdre,49,65845,true
70,Thatcher,45,59253,true
71,Hayes,57,94099,false
72,Cecilia,52,34681,false
73,Freddy,44,59102,true
74,Megan,57,42664,false
75,Maryanna,50,37867,true
76,Leola,59,67583,false
77,Graehme,59,48931,false
78,Cedric,45,57382,true
79,Jocko,45,21670,true
80,Jesse,55,82011,true
81,Tallie,43,17394,false
82,Arvy,60,15594,true
83,Porter,46,25242,false
84,Benn,50,30765,true
85,Henrieta,40,39432,true
86,Linn,56,92913,true
87,Aurelia,42,90644,false
88,Batsheva,42,12086,false
89,Meridel,57,80692,false
90,Creight,57,14996,false
91,Florinda,55,74770,true
92,Alecia,48,59572,false
93,Marcelline,43,57559,false
94,Adlai,41,78684,true
95,Marijo,47,74573,false
96,Nicki,51,38262,false
97,Patten,58,54157,true
98,Brandon,47,56926,true
99,Scot,53,44422,false
100,Darb,51,73922,false
101,Poppy,41,11284,true
102,Charis,56,53156,true
103,Amalle,51,13226,true
104,Dallis,59,87245,false
105,Archaimbaud,53,80151,true
106,Hedy,44,16629,false
107,Baxter,57,70501,true
108,Jacquie,50,49351,false
109,Bordy,50,63088,false
110,Vladamir,50,32927,false
111,Ricki,55,30385,true
112,Hali,44,30768,false
113,Flossie,51,98159,false
114,Elladine,42,67052,false
115,Shannon,59,26939,false
116,Lotte,52,96214,true
117,Melamie,54,74295,true
118,Huey,44,89107,false
119,Mireielle,40,88944,true
120,Aurel,56,88408,true
121,Joeann,47,18454,false
122,Alon,44,56335,false
123,Helyn,59,14597,true
124,Roderich,55,49756,false
125,Vanda,46,46499,false
126,Allie,52,53799,false
127,Bailey,48,18954,true
128,Currie,48,60416,false
129,Sherri,59,26030,true
130,Peggie,50,40968,false
131,Keely,59,98558,true
132,Delilah,52,61977,true
133,Valida,40,18441,true
134,Selia,50,60088,true
135,Haily,40,78827,false
136,Avrom,52,96394,false
137,Melitta,51,26160,false
138,Vicky,47,30846,true
139,Xaviera,48,94518,true
140,Marlowe,60,71512,true
141,Kaspar,50,50451,true
142,Cherrita,56,61773,true
143,Kayley,51,73978,true
144,Dolorita,47,92684,false
145,Anderson,48,32929,false
146,Cele,47,32485,true
147,Augustus,41,88748,true
148,Essie,55,21434,false
149,Emerson,51,58443,true
150,Roxanne,46,86671,false
151,Norene,45,41475,true
152,Dela,57,81235,true
153,Paco,55,64428,true
154,Maxim,40,77642,false
155,Curt,42,78667,true
156,Arnoldo,60,45495,false
157,Cacilia,42,89376,false
158,Fayette,56,48666,false
159,Aguistin,46,64025,true
160,Gwynne,44,27529,true
161,Alfons,51,93330,false
162,Helen-elizabeth,47,32250,false
163,Christy,49,58730,false
164,Bambi,59,77168,false
165,Ilario,55,30630,true
166,Jock,59,53236,true
167,Dee dee,53,64533,false
168,Kellen,47,26673,true
169,Wolfie,58,71098,false
170,Halli,41,41174,true
171,Thorpe,54,25775,true
172,Dee dee,48,59569,true
173,Gayle,48,63191,false
174,Nevin,56,65012,true
175,Myrtice,55,71027,true
176,Bekki,55,49635,false
177,Teodoor,59,68460,true
178,Allyson,41,51045,true
179,Legra,54,81378,false
180,Rolf,52,67936,false
181,Pepi,60,95304,true
182,Boonie,41,88438,true
183,Halsy,40,92673,false
184,Hermine,50,19813,true
185,Yvonne,49,11126,false
186,Travus,40,50533,false
187,Aurora,47,84017,true
188,Feodor,59,48630,true
189,Sonnnie,51,80857,true
190,Lil,42,23092,false
191,Egon,43,23300,false
192,Emmalynne,50,99946,true
193,Jamesy,45,11763,true
194,Jammal,40,24654,true
195,Ingrid,41,56692,false
196,Alf,40,97787,true
197,Estel,57,86517,true
198,Cathi,45,26572,true
199,Vivie,59,80708,false
200,Dulcea,53,73215,true
201,Bron,50,63457,true
202,Burch,46,87917,true
203,Berri,40,74422,true
204,Skippie,48,20731,false
205,Gauthier,50,21611,true
206,Gene,42,10249,false
207,Annelise,46,27805,true
208,Adams,42,29363,true
209,Hermina,53,81697,true
210,Abran,52,84723,true
211,Rollin,53,78159,false
212,Alberik,58,79596,false
213,Tamas,47,29286,false
214,Reynold,40,54431,false
215,Osborne,47,96508,false
216,Leodora,53,33709,true
217,Dori,44,78778,true
218,Yancy,58,76640,true
219,Stirling,47,85066,true
220,Morton,57,91779,false
221,Odella,57,40700,true
222,Nadeen,54,91151,false
223,Lillis,47,90894,true
224,Dav,42,75057,true
225,Brenn,43,79744,true
226,Alexander,48,56944,true
227,Steffi,41,10896,true
228,Ardeen,47,69631,true
229,Sibeal,59,58402,true
230,Ronny,49,66896,false
231,Dorree,56,76679,false
232,Blondell,57,57056,true
233,Westbrook,42,77751,true
234,Cati,49,43665,true
235,Linoel,43,40290,true
236,Clemente,55,82479,true
237,Ertha,59,31646,true
238,Haslett,55,16842,false
239,Wally,54,45592,false
240,Raviv,49,19291,true
241,Lucinda,55,68566,false
242,Darline,40,35732,false
243,Cindelyn,47,95203,false
244,Lind,60,89538,false
245,Jacklyn,40,73123,false
246,Florence,50,94197,false
247,Adrian,50,68485,true
248,Tom,42,20825,true
249,Selia,41,62282,false
250,Avie,43,38974,false
251,Britt,42,49582,true
252,Rosalie,42,85604,true
253,Curt,51,12306,false
254,Shannah,45,35500,false
255,Deeyn,41,23029,true
256,Anatollo,41,69675,true
257,Aile,50,88536,false
258,Martie,51,80996,false
259,Mirabelle,47,98859,false
260,Ethelred,52,17743,true
261,Sheelagh,47,77145,false
262,Elmore,48,22685,false
263,Mort,43,29995,false
264,Rita,41,21094,false
265,Stanly,51,70373,false
266,Marion,45,63129,true
267,Bondie,52,89048,false
268,Emile,55,28185,false
269,Lois,54,82914,true
270,Linoel,57,33089,true
271,Lind,41,72895,false
272,Nester,54,96910,true
273,Creigh,51,24032,true
274,Devon,51,19386,false
275,Kennith,60,34757,false
276,Tracey,53,29036,true
277,Trever,58,17361,false
278,Arlette,41,92334,true
279,Brander,55,42337,false
280,Griffie,50,58230,true
281,Welsh,56,25248,false
282,Simona,57,17983,true
283,Karna,42,25973,false
284,Clem,47,69992,false
285,Rowney,56,37698,true
286,Darcey,59,95424,true
287,Haydon,53,17322,false
288,Bevvy,52,31070,false
289,Eldon,46,19675,true
290,Lesli,49,85280,false
291,Gilburt,40,53383,false
292,Ban,41,13339,true
293,Aeriel,57,68032,true
294,Hugh,44,21961,false
295,Noah,44,25955,true
296,Galvin,52,20296,true
297,Melicent,47,45640,false
298,Rozalin,50,46945,true
299,Alexia,55,77428,false
300,Jesse,45,37940,false
301,Care,51,55856,true
302,Tiff,57,15812,true
303,Lida,42,42531,false
304,Ainslie,40,88616,true
305,Dex,60,64540,false
306,Goddard,60,73643,true
307,Harry,42,30064,false
308,Rana,57,17612,false
309,Warde,41,12379,false
310,Briana,49,57972,false
311,Ileane,53,57574,false
312,Gerrie,52,27335,false
313,Barnabe,50,76650,true
314,Aleksandr,50,64316,false
315,Corine,55,27949,false
316,Garwood,44,77828,false
317,Odelinda,51,80608,false
318,Pierson,59,96104,false
319,Madelena,47,89621,true
320,Riccardo,45,81897,false
321,Angelique,43,52690,true
322,Lainey,42,64057,true
323,Nikolaus,54,53330,false
324,Rudy,58,55610,false
325,Kameko,42,38673,false
326,Tatiana,60,25517,true
327,Theobald,54,60290,true
328,Halsey,44,91059,true
329,Jobye,56,55583,false
330,Gilberta,58,11575,true
331,Dorree,59,78148,false
332,Alie,43,58294,true
333,Hoyt,48,94460,false
334,Sadie,59,78750,true
335,Thomasa,50,73087,false
336,Margalo,51,71284,true
337,Joni,60,95460,true
338,Pen,42,21173,false
339,Kerstin,60,24310,true
340,Eleen,49,91133,true
341,Nerita,49,32096,true
342,Rosalinda,49,46106,false
343,Alanna,50,78519,true
344,Barb,41,57967,true
345,Chickie,48,82087,false
346,Iolanthe,57,14880,false
347,Tersina,58,31455,false
348,Rustin,47,58754,false
349,Franky,58,44267,true
350,Benedicta,49,53474,false
351,Melloney,48,34267,false
352,Jsandye,59,23217,true
353,Trip,50,12671,true
354,Mada,41,50873,true
355,Rafaelita,42,31920,true
356,Lacee,57,81986,true
357,Waneta,51,81009,false
358,Tiffi,55,61624,false
359,Tobias,57,19026,true
360,Donella,59,59349,false
361,Geri,55,43349,false
362,Ana,59,46985,false
363,Daryl,56,83190,true
364,Reinaldos,45,45918,true
365,Clarey,54,62966,true
366,Adolphus,60,18847,false
367,Shawna,54,62116,false
368,Dimitri,48,59852,false
369,Elnora,59,64457,true
370,Maxie,51,62983,true
371,Jessey,51,25318,false
372,Sayer,57,82451,false
373,Theodoric,45,33228,true
374,Desiree,50,42628,true
375,Adriaens,42,73001,false
376,Sergent,41,94378,false
377,Ezri,49,16487,true
378,Kerr,53,90066,false
379,Carley,49,89122,false
380,Lionel,50,95779,true
381,Linn,49,14504,false
382,Lesli,44,12861,false
383,Isadore,43,59190,false
384,Gardie,59,15968,true
385,Alena,48,14657,false
386,Waverley,46,88882,true
387,Bryan,59,26297,true
388,Dunstan,57,98546,true
389,Mikkel,41,98052,true
390,Tamas,56,27500,false
391,George,60,28481,false
392,Babs,53,57137,true
393,Blaire,59,49589,true
394,Samantha,59,43433,false
395,Archy,60,67877,true
396,Ed,41,64152,false
397,Opalina,51,87555,false
398,Filberto,59,52636,true
399,Egon,59,69893,false
400,Mitchell,46,91943,false
401,Iolande,56,93319,true
402,Gav,49,80365,false
403,Aldus,56,88705,false
404,Hakim,44,24312,true
405,Lorita,41,19447,false
406,Reginauld,46,65038,true
407,Burty,49,21176,true
408,Angie,47,63184,false
409,Shoshanna,44,61608,true
410,Skipp,57,20474,false
411,Chevy,44,36837,true
412,Ettore,55,19551,true
413,Alphonso,56,57216,true
414,Brnaby,47,88080,false
415,Monti,46,12535,true
416,Mitch,44,33755,true
417,Wheeler,43,13427,false
418,Shanon,51,39822,true
419,Augustine,45,64278,false
420,Sly,46,31167,true
421,Bobinette,40,24053,false
422,Morris,57,98361,true
423,Bellina,53,33207,true
424,Lorant,57,91916,true
425,Clare,56,55006,false
426,Orsola,59,63649,false
427,Elenore,59,94667,false
428,Breena,47,91511,true
429,Paulo,43,96186,true
430,Orlan,57,83611,false
431,Celene,42,75035,true
432,Dacie,44,17499,false
433,Kirbie,40,75913,false
434,Robert,45,30137,true
435,Aguie,41,40707,true
436,Vale,57,86812,true
437,Ariela,40,15123,true
438,Gratia,42,96598,true
439,Ingar,42,95325,true
440,Koressa,59,10299,true
441,Kata,57,24061,true
442,Aaren,51,91083,false
443,Natty,44,92358,false
444,Rina,42,24836,false
445,Martica,45,57649,true
446,Gwenneth,54,10604,false
447,Pepillo,57,83207,false
448,Karon,43,58404,true
449,Pauly,40,54838,false
450,Westley,50,54429,true
451,Vincent,40,71519,true
452,Abdel,53,84879,true
453,Johannah,40,55947,false
454,Virge,58,31075,true
455,Elyssa,50,34542,true
456,Phillida,48,42349,false
457,Vail,44,68094,true
458,Rhea,50,61864,false
459,Bordie,44,35657,false
460,Keelia,53,13619,false
461,Lenora,40,84003,true
462,Jackie,46,42021,true
463,Marjory,50,60948,true
464,Vanya,43,10604,false
465,Querida,60,82144,true
466,Nathan,54,55184,true
467,Emanuel,54,61458,false
468,Huntley,43,63924,true
469,Rabbi,59,97014,false
470,Tedd,45,70135,false
471,Teddy,52,45822,false
472,Ray,50,33079,false
473,Colby,50,43860,false
474,Lurline,42,73682,true
475,Erhard,43,37640,true
476,Nils,50,49779,true
477,Roch,50,88101,false
478,Jorgan,46,41427,true
479,Hephzibah,47,22182,false
480,Glynnis,53,97677,true
481,Gaylord,56,21249,true
482,Lawton,46,59524,false
483,Alessandra,53,50080,true
484,Shea,41,51210,false
485,Roma,48,36472,true
486,Kliment,42,16171,true
487,Hendrika,42,59044,true
488,Marsha,49,81092,false
489,Rafaello,42,72249,false
490,Benedetta,44,34561,true
491,Willette,42,38524,false
492,Joceline,55,18030,true
493,Timothea,57,49771,true
494,Margarette,58,10953,false
495,Heinrick,45,59113,true
496,Lusa,54,85487,false
497,Zane,52,95574,true
498,Sibbie,53,53221,false
499,Syman,51,16108,true
500,Lena,54,28753,false
501,Humfried,42,17581,true
502,Adela,46,77549,false
503,Tye,40,32997,false
504,Shanie,54,16484,false
505,Marillin,48,10158,true
506,Vivien,60,62039,true
507,Lucia,52,96243,true
508,Lenci,45,79116,false
509,Hedda,55,58360,true
510,Lavina,60,56195,false
511,Reinhard,54,56392,true
512,Giorgio,44,31726,false
513,Thalia,58,85419,true
514,Goddart,60,92106,false
515,Ebba,49,43416,false
516,Amitie,41,26893,false
517,Raffarty,56,90890,false
518,Nixie,44,65692,false
519,Allsun,42,62040,false
520,Shirl,56,37905,true
521,Brittan,53,60813,false
522,Witty,43,13771,false
523,Edee,52,99491,true
524,Waylin,55,56810,false
525,Griff,55,77496,false
526,Elnar,45,13221,true
527,Giacomo,46,51027,false
528,Oliver,41,12437,true
529,Tandi,52,63702,false
530,Rutter,53,45164,true
531,Philippine,52,78173,false
532,Essa,49,74321,false
533,Amata,43,28375,false
534,Aylmar,60,21219,false
535,Aila,56,45228,true
536,Grace,56,95329,true
537,Richie,40,27391,false
538,Moselle,42,51547,false
539,Olivia,45,23610,false
540,Mirabel,54,33624,true
541,Buck,41,56874,true
542,Josy,59,95644,true
543,Violet,47,46709,false
544,Anatol,46,44318,false
545,Cindra,56,76532,false
546,Cris,49,54286,false
547,Michele,45,70683,false
548,Lisabeth,44,99373,false
549,Cara,51,87373,true
550,Ailyn,44,57341,true
551,Noll,49,80488,true
552,Isaak,41,81713,false
553,Aguie,41,77848,true
554,Carling,50,13158,false
555,Kellina,43,35876,false
556,Margery,51,76713,false
557,Dody,54,86328,true
558,Dodi,57,95614,false
559,Lotta,47,33522,true
560,Lorene,50,22607,false
561,Thomasin,58,31290,false
562,Stephen,46,93778,true
563,Carolyne,46,44509,false
564,Sydney,58,66089,true
565,Skyler,53,49623,true
566,Phillip,47,10846,true
567,Bowie,45,72680,false
568,Livvyy,53,97408,true
569,Lucina,42,39155,true
570,Fan,51,45707,true
571,Homer,56,23840,false
572,Betta,60,92252,true
573,Danice,47,14818,false
574,Leonid,44,54407,true
575,Ainsley,51,96268,true
576,Richy,46,50015,false
577,Farrah,60,86718,true
578,Rici,50,45492,false
579,Alasteir,48,44202,true
580,Celinda,60,10091,true
581,Albrecht,44,76030,false
582,Antonius,53,90146,true
583,Anderea,47,96757,true
584,Cassandry,59,23680,true
585,Dolores,40,72339,false
586,Kaye,50,67722,false
587,Frederico,50,30275,false
588,Else,49,98844,true
589,Gina,56,60167,false
590,Jimmie,45,71231,true
591,Myriam,52,59768,false
592,Baxy,42,79450,false
593,Yvonne,59,43329,true
594,Stesha,56,70185,false
595,Querida,51,37345,false
596,Sandro,53,44429,false
597,Taffy,45,12013,false
598,Joceline,50,61174,true
599,Tomi,58,47999,false
600,Albert,46,63009,false
601,Ernaline,50,34198,true
602,Arther,50,85528,true
603,Esme,41,38588,true
604,Welch,52,75359,false
605,Brittany,47,78781,false
606,Glynda,44,33957,false
607,Morton,46,26873,true
608,Deeann,41,35039,true
609,Juan,47,95879,true
610,Kerry,50,29584,false
611,Nelie,43,19484,false
612,Thedric,43,16758,false
613,Dolph,52,89368,false
614,Elsy,57,91073,true
615,Wainwright,54,15906,true
616,Lulita,47,23815,false
617,Durand,43,25965,true
618,Oliver,49,41920,false
619,Shelba,40,73380,true
620,Val,55,37671,false
621,Codie,50,14332,false
622,Sascha,51,30385,false
623,Tommi,47,41298,false
624,Rockey,46,99120,false
625,Collete,50,74877,true
626,Clary,40,78892,true
627,Odilia,51,34879,true
628,Chev,58,79821,false
629,Domenic,51,24161,false
630,Karena,60,26854,false
631,Karleen,40,18680,false
632,Boyce,45,29220,true
633,Ferrell,60,54228,false
634,Gene,41,87709,true
635,Jemmie,58,88616,false
636,Gale,51,65361,true
637,Olly,52,24786,false
638,Eleen,43,66635,false
639,Domeniga,46,69873,true
640,Anya,44,42068,false
641,Lea,50,13953,false
642,Brit,54,77515,true
643,Gustavus,50,83733,false
644,Myca,59,62700,true
645,Paul,41,85599,false
646,Kessia,57,47482,true
647,Kaylee,56,69590,false
648,Margarethe,55,30171,true
649,Daryl,51,18404,false
650,Andromache,40,48888,false
651,Perrine,54,32785,true
652,Gianni,59,27629,true
653,Uriah,41,89705,false
654,Joyan,59,42040,true
655,Pamella,46,99044,true
656,Janina,48,39291,true
657,Caz,41,53297,false
658,Mark,55,39383,false
659,Candi,42,41253,false
660,Marcelo,42,80887,false
661,Anabal,46,59268,true
662,Bernete,49,58799,false
663,Tore,41,31079,true
664,Shep,40,51133,true
665,Natalie,55,18571,false
666,Carol,45,75912,true
667,Rivy,60,77277,true
668,Sharity,54,89056,true
669,Yolane,50,13349,true
670,Cele,60,43774,false
671,Glen,52,52409,true
672,Mitchel,56,76231,true
673,Silva,47,97327,false
674,Cherish,56,59549,false
675,Benton,57,37062,false
676,Lucius,60,93693,true
677,Cully,53,71937,false
678,Hewitt,55,35707,false
679,Trumann,56,78036,true
680,Joyous,59,95055,true
681,Amalie,59,27234,false
682,Pepi,40,77169,true
683,Livvy,41,31773,false
684,Tandi,40,86245,false
685,Falito,51,82192,true
686,Tobit,55,44457,false
687,Darline,44,99559,true
688,Krystyna,58,84670,true
689,Steffi,53,14947,true
690,Luce,47,12928,true
691,Roslyn,56,22948,true
692,Sydney,43,32398,false
693,Huntley,45,42760,true
694,Cristabel,44,74212,false
695,Kevyn,56,93517,true
696,Sherwynd,52,49508,true
697,Veronique,47,70799,true
698,Idalina,42,62065,true
699,Cesaro,60,31437,true
700,Grethel,51,58801,true
701,Abigale,55,36654,false
702,Averill,60,95195,false
703,Marga,43,74554,true
704,Corinna,58,37446,false
705,Dyana,55,34766,false
706,Mavis,48,37829,false
707,Alain,59,86109,false
708,Ellene,40,23745,true
709,Denise,48,64049,false
710,Mikol,53,49893,false
711,Ignacio,58,65750,false
712,Sybil,41,83063,true
713,Gilberte,45,68441,false
714,Katrine,57,24362,false
715,Cordey,57,32111,true
716,Ardyce,55,30908,false
717,Ardys,54,40242,false
718,Josee,51,28699,false
719,Rois,42,87554,false
720,Jorie,60,57246,false
721,Francklyn,47,46797,false
722,Marlowe,43,26271,false
723,Dolorita,43,38408,true
724,Colleen,52,36726,true
725,Roxana,48,56964,false
726,Meridith,49,37910,true
727,Rodie,56,35041,false
728,Dareen,44,51058,false
729,Stacee,50,68244,true
730,Fidelio,48,74982,true
731,Tootsie,57,39913,false
732,Lenore,60,12238,true
733,Alberik,54,73742,false
734,Brandea,51,69889,false
735,Giraud,51,31274,false
736,Mela,50,37001,false
737,Tarrance,60,77967,false
738,Kaja,57,82373,false
739,Kippar,43,92409,true
740,Fulton,44,22668,false
741,Saxon,52,31451,false
742,Jordain,51,72091,true
743,Trudi,40,72133,false
744,Judye,43,19580,false
745,Maegan,44,72315,false
746,Cchaddie,42,78505,false
747,Gregoor,49,50522,true
748,Emmanuel,49,35659,false
749,Roosevelt,51,56081,false
750,Flossy,40,65468,true
751,Lance,59,31565,true
752,Irina,57,42124,false
753,Reese,60,18249,false
754,Martina,48,68144,true
755,Katalin,52,34632,false
756,Rochell,46,20978,true
757,Arnaldo,55,43774,true
758,Chas,45,73782,false
759,Lonee,48,76718,false
760,Padraic,51,23861,false
761,Yule,51,83179,false
762,Flint,40,33781,true
763,Gavin,58,83208,false
764,Wayland,51,11775,false
765,Betsey,46,56761,true
766,Pavlov,53,78249,true
767,Arleta,46,67225,false
768,Fowler,54,47802,false
769,Samara,49,82042,true
770,Phil,58,60318,false
771,Mickie,44,94125,true
772,Shea,60,50812,true
773,Johanna,56,79722,true
774,Addi,45,42430,true
775,Harriett,48,51445,true
776,Lotty,42,11929,false
777,Roderich,47,46571,true
778,Jose,42,37192,true
779,Sharl,55,80400,true
780,Timi,43,46136,true
781,Scottie,50,52240,false
782,Sandi,51,52051,true
783,Nicolina,58,43473,true
784,Mommy,49,83350,true
785,Camel,47,60779,false
786,Samaria,52,14892,false
787,Dorrie,57,91139,true
788,Isaac,47,62871,true
789,Petronella,47,61469,true
790,Iggie,43,14973,true
791,Melina,41,88071,false
792,Elmo,55,81352,true
793,Pierette,52,85160,true
794,Cherlyn,49,96693,true
795,Claudina,51,24881,true
796,Harley,60,38559,false
797,Mead,40,25173,false
798,Etta,60,41303,true
799,Gavra,56,76558,true
800,Mercedes,45,11906,true
801,Udale,60,24688,false
802,Minerva,45,81437,true
803,Barnie,46,26219,true
804,Cookie,42,70368,false
805,Ferris,51,35002,true
806,Nettie,44,23524,false
807,Stacia,44,24633,false
808,Martguerita,44,46121,true
809,Nerta,58,12073,false
810,Goraud,52,49511,false
811,Franklin,42,25912,true
812,Melitta,59,95629,true
813,Caressa,44,67560,false
814,Bryana,43,42311,false
815,Kirk,58,94304,false
816,Tome,47,84595,true
817,Gib,60,48670,false
818,Harwilll,55,11711,false
819,Rosalind,54,27420,true
820,Judd,45,72934,false
821,Sibby,59,80168,true
822,Shena,59,28973,false
823,Stanly,53,72432,false
824,Hercules,55,67723,true
825,Cross,55,32382,false
826,Fraze,42,91618,true
827,Shayna,57,75342,false
828,Brianne,41,10548,true
829,Lay,57,27026,false
830,Prentiss,50,28908,false
831,Fair,40,62606,false
832,Chrysa,44,42955,false
833,Shelba,47,69176,true
834,Steffen,56,40919,false
835,Elie,51,37974,true
836,Myrna,46,17775,true
837,Ronalda,45,57028,false
838,Salli,46,15139,true
839,Duff,60,79738,false
840,Worden,56,70086,true
841,Edmund,43,30517,true
842,Bennett,50,45950,false
843,Cordie,53,26531,false
844,Dori,52,33899,false
845,Guinevere,51,29753,false
846,Gordon,41,29585,false
847,Theadora,46,88807,false
848,Fax,57,12538,false
849,Maurene,56,29799,true
850,Caria,58,75185,true
851,Donall,50,87314,false
852,Dagny,50,63996,true
853,Elston,42,70030,true
854,Gerrilee,58,68890,false
855,Heida,50,24981,true
856,Gabriel,43,29077,false
857,Ruthie,50,80596,true
858,Sheeree,52,91478,false
859,Jewelle,47,35117,false
860,Nicola,60,44081,true
861,Tracy,59,27317,true
862,Homere,54,28923,true
863,Kristen,57,55091,false
864,Paolina,59,49870,true
865,Wilfred,54,55333,true
866,Kathye,41,85012,true
867,Giulio,45,53087,true
868,Town,50,90296,false
869,Hollyanne,59,80138,false
870,Lira,60,12506,false
871,Garald,44,31991,true
872,Brande,58,64300,true
873,Sibyl,56,26213,false
874,Derry,53,81052,false
875,Zachery,53,32633,true
876,Jermaine,53,16808,true
877,Daniele,43,95614,true
878,Danika,55,27502,false
879,Florette,45,38594,true
880,Wandie,56,45572,true
881,Berkeley,59,42778,true
882,Olwen,45,59164,true
883,Kirstyn,52,53918,true
884,Peggi,43,13149,true
885,Nil,57,23739,false
886,Deane,50,10155,false
887,Jasun,50,86198,false
888,Celestyna,41,55462,false
889,Cyndy,59,45335,true
890,Ramsey,44,63779,true
891,Broddy,40,53944,false
892,Carolina,47,60015,false
893,Minna,57,41432,false
894,Jamil,54,36915,false
895,Arleen,60,12605,true
896,Carla,43,74380,false
897,Melonie,43,96949,true
898,Deni,51,46720,false
899,Noble,47,44340,true
900,Elnar,41,60498,true
901,Ronnie,53,84788,true
902,Cross,59,30318,true
903,Ira,58,16276,false
904,Greg,45,12377,true
905,Murdock,58,85529,true
906,Duncan,57,21655,false
907,Gabie,55,66207,true
908,Dolly,42,11103,false
909,Guilbert,58,62527,true
910,Heath,46,89483,false
911,Marney,41,51218,false
912,Bancroft,54,57780,true
913,Olva,43,57980,false
914,Marleah,47,62494,true
915,Georgeanne,45,67117,true
916,Ky,48,90285,true
917,Rickert,57,28269,false
918,Faythe,58,16490,false
919,Stesha,60,24648,false
920,Uriah,42,21716,true
921,Carlee,55,50330,true
922,Halley,47,10139,false
923,Cynthia,49,24204,false
924,Appolonia,54,31525,false
925,Patrick,50,86991,false
926,Kipp,40,76134,false
927,Denis,46,93957,false
928,Anthony,42,70216,false
929,Robinette,58,14153,true
930,Currie,50,62953,true
931,Adrian,43,75575,false
932,Silvester,58,95575,false
933,Glenden,49,66550,true
934,Carl,60,16893,false
935,Pam,60,66661,false
936,Zara,52,79778,false
937,Lucio,45,49887,true
938,Tallou,54,12348,false
939,Darrel,47,81076,true
940,Marlee,42,87006,true
941,Reggy,53,88310,false
942,Franchot,58,85708,false
943,Brocky,55,90218,true
944,Butch,58,28941,true
945,Neron,55,31748,false
946,Jaquenette,57,11863,true
947,Janeen,47,45902,false
948,Alex,46,94934,true
949,Francklin,43,41154,false
950,Elga,51,20443,true
951,Celinda,47,69601,false
952,Katheryn,41,12434,false
953,Brittany,41,19106,true
954,Prentiss,49,62871,true
955,Elmo,58,14313,false
956,Lombard,40,55786,false
957,Duane,40,39058,true
958,Merwin,53,30555,true
959,Cami,57,86788,true
960,Phil,54,28621,true
961,Marlon,47,53112,true
962,Cathyleen,51,92885,true
963,Geoff,52,41318,false
964,Whit,46,90045,true
965,Bridie,51,71085,true
966,Cosimo,43,96012,false
967,Gabe,45,21417,false
968,Durand,58,19986,false
969,Helen,52,21446,false
970,Min,41,45534,true
971,Mattias,60,16001,false
972,Ruthe,46,44514,false
973,Rodolphe,50,28283,true
974,Phineas,57,38151,false
975,Joe,60,48982,false
976,Sigismund,53,36806,true
977,Jemimah,53,94816,true
978,Annabell,41,24538,true
979,Zollie,47,98621,true
980,Portia,56,85233,true
981,Pollyanna,53,84443,true
982,Dixie,51,70289,true
983,Edlin,59,65534,false
984,Josefina,43,87026,true
985,Irvine,49,20500,true
986,Daphna,53,74551,false
987,Ravid,42,22796,false
988,Arabela,46,94919,false
989,Kippy,59,30578,false
990,Glynn,41,46751,true
991,Yance,50,49852,true
992,Shelli,60,87162,true
993,Benedikt,45,42429,false
994,Vince,47,24655,true
995,Cherey,40,67322,false
996,Tildi,49,88810,false
997,Twyla,60,60662,false
998,Shalne,54,38323,true
999,Erika,49,24204,true
1000,Carmel,59,86539,true
